<?xml version="1.0"?>
<sprite>

	<imageset name="base" src="graphics/sprites/monster-logmonster.png" width="40" height="32" />

	<action name="stand" imageset="base">
		<animation direction="down">
		  <frame index="0"/>
		</animation>
		<animation direction="right">
		  <frame index="8"/>
		</animation>
		<animation direction="up">
		  <frame index="16"/>
		</animation>
		<animation direction="left">
		  <frame index="24"/>
		</animation>
	</action>

	<action name="walk" imageset="base">
		<animation direction="down">
			<sequence start="1" end="2" delay="75"/>
		</animation>
		<animation direction="right">
			<sequence start="9" end="10" delay="75"/>
		</animation>
		<animation direction="up">
			<sequence start="17" end="18" delay="75"/>
		</animation>
		<animation direction="left">
			<sequence start="25" end="26" delay="75"/>
		</animation>
	</action>

	<action name="dead" imageset="base">
		<animation direction="down">
		  <frame index="7"/>
		</animation>
	</action>

	<action name="attack" imageset="base">
		<animation direction="down">
			<sequence start="2" end="5" delay="75"/>
		  	<end />
		</animation>
		<animation direction="right">
			<sequence start="10" end="13" delay="75"/>
		  	<end />
		</animation>
		<animation direction="up">
			<sequence start="18" end="21" delay="75"/>
		  	<end />
		</animation>
		<animation direction="left">
			<sequence start="26" end="29" delay="75"/>
		  	<end />
		</animation>
	</action>

</sprite>