<?xml version="1.0" encoding="utf-8"?>
<status-effects>
    <status-effect name="item-healing" id="70"
		   persistent-particle-effect="true"
		   start-particle="graphics/particles/circle.particle.xml"
		 />

    <status-effect name="speed" id="37" block-id="21"
                   icon="icon-haste-potion.xml"
		   persistent-particle-effect="true"
		   start-particle="graphics/particles/pink-violent-glow.particle.xml"
		 />
    <status-effect name="strength" id="185" block-id="23"
                   icon="icon-iron-potion.xml"
		   persistent-particle-effect="true"
		   start-particle="graphics/particles/orange-violent-glow.particle.xml"
		 />
    <status-effect name="invisibility" id="4096" block-id="12"
                   icon="icon-invisible.xml"
                   start-message="You are now invisible."
                   end-message="You are no longer invisible."
		   persistent-particle-effect="true"
		   start-particle="graphics/particles/sphere-white.particle.xml"
		 />
    <status-effect name="hide" id="194"
                   icon="icon-hidden.xml"
		 />
    <status-effect name="flying-backpack" id="196"
                   icon="icon-feather.xml"
		 />
    <status-effect name="barrier" id="197"
                   icon="icon-green-barrier.xml"
		 />
    <status-effect name="phys-shield" id="199"
                   icon="icon-red-rotating-hex.xml"
		 />
    <status-effect name="spell-attack-generic" id="2000"
                   icon="icon-spell-attack-generic.xml"
		 />
    <status-effect name="spell-shearing" id="2001"
                   icon="icon-spell-shearing.xml"
		 />
</status-effects>
