<?xml version="1.0"?>
<sprite>

	<!--<imageset name="base" src="graphics/sprites/monsters/monster-larva.png|R:#ffcf98;G:#ff6600" width="64" height="64" />//-->


<action name="stand" imageset="base">
		<animation direction="down">
		  <frame index="27" />
		</animation>
		<animation direction="left">
		  <frame index="0" />
		</animation>
		<animation direction="up">
		  <frame index="9" />
		</animation>
		<animation direction="right">
		  <frame index="18" />
		</animation>
	</action>

	<action name="walk" imageset="base">
		<animation direction="down">
			<sequence start="27" end="30" delay="120" />
		</animation>
		<animation direction="left">
			<sequence start="0" end="3" delay="120" />
		</animation>
		<animation direction="up">
			<sequence start="9" end="12" delay="120" />
		</animation>
		<animation direction="right">
			<sequence start="18" end="21" delay="120" />
		</animation>
	</action>


	<action name="dead" imageset="base">
		<animation direction="down">
			<frame index="35" delay="0" />
		</animation>
		
		<animation direction="left">
			<frame index="8" delay="0" />
		</animation>
		
		<animation direction="up">
			<frame index="17" delay="0" />
		</animation>
		
		<animation direction="right">
			<frame index="26" delay="0" />
		</animation>
	</action>


	<action name="attack" imageset="base">
		<animation direction="down">
			<sequence start="31" end="34" delay="75" />
			<end />
		</animation>
		<animation direction="left">
			<sequence start="4" end="7" delay="75" />
			<end />
		</animation>
		<animation direction="up">
			<sequence start="13" end="16" delay="75" />
			<end />
		</animation>
		<animation direction="right">
			<sequence start="22" end="25" delay="75" />
			<end />
		</animation>
	</action>	
</sprite>


