<?xml version="1.0"?>
<effect>
	<particle
		position-x = "0"
		position-y = "-10"
		position-z = "16"
		>
		<emitter>
			<property name="position-z" min="16" max="48" />
			<property name="vertical-angle" min="0" max="90"/>
			<property name="horizontal-angle" min="0" max="360"/>
			<property name="power" min="10" max="25"/>
			<property name="lifetime" value="1"/>
			<property name="output" value="1"/>
			<property name="follow-parent"/>
			<emitter>
				<property name="gravity" value="-0.06"/>
				<property name="momentum" value="0.9"/>
				<property name="image" value="graphics/particles/gloworb-medium.png|W:#401c52"/>
				<property name="lifetime" value="35"/>
				<property name="fade-in" value="2"/>
				<property name="fade-out" value="10"/>
				<property name="output" min="0" max="1"/>
				<property name="output-pause" min="30" max="120"/>
				<property name="randomnes" value="200"/>
				<property name="acceleration" value="0.1"/>
				<property name="follow-parent"/>
			</emitter>
			<emitter>
				<property name="gravity" value="-0.2"/>
				<property name="momentum" value="0.9"/>
				<property name="image" value="graphics/particles/orb-small.png|W:#401c52"/>
				<property name="lifetime" value="25"/>
				<property name="fade-in" value="5"/>
				<property name="fade-out" value="20"/>
				<property name="output" min="0" max="1"/>
				<property name="output-pause" min="30" max="120"/>
				<property name="randomnes" value="200"/>
				<property name="acceleration" value="0.1"/>
				<property name="follow-parent"/>
			</emitter>
			<emitter>
				<property name="image" value="graphics/particles/orb-large.png|W:#2c0c31"/>
				<property name="lifetime" value="95"/>
				<property name="fade-in" value="5"/>
				<property name="position-y" value="40" />
				<property name="fade-out" value="40"/>
				<property name="output" min="0" max="1"/>
				<property name="output-pause" min="50" max="100"/>
				<property name="follow-parent"/>
				<property name="gravity" value="-0.005"/>
				<property name="acceleration" value="0.02"/>
			</emitter>
		</emitter>
	</particle>
</effect>
