<?xml version="1.0"?>

<!--
An explosion
-->

<effect>
	<particle
		position-x = "0"
		position-y = "0"
		position-z = "20"
		lifetime = "1"
		>
		<emitter>
			<property name="position-x" min="-8" max="8"/>
			<property name="position-y" min="-8" max="8"/>
			<property name="vertical-angle" min="-10" max="10"/>
			<property name="horizontal-angle" min="0" max="360"/>
			<property name="power" min="0" max="5"/>
			<property name="gravity" value="0.1"/>
			<property name="image" value="graphics/particles/smoke-large-grey.png"/>
			<property name="lifetime" min="50" max="800"/>
			<property name="output" min="10" max="130"/>
			<property name="fade-out" value="10"/>
			<property name="bounce" value="0.8"/>
		</emitter>
	</particle>
</effect>
