<?xml version="1.0"?>
<sprite>
	<imageset name="base" src="graphics/sprites/equipment/head/head-elfhat.png|W" width="40" height="40" />

	<action name="stand" imageset="base">
		<animation direction="down">
		  <frame index="0" offsetX="0" offsetY ="-27" />
		</animation>
		<animation direction="left">
		  <frame index="1" offsetX="-3" offsetY ="-27"/>
		</animation>
		<animation direction="up">
		  <frame index="2" offsetX="-1" offsetY ="-27"/>
		</animation>
		<animation direction="right">
		  <frame index="3" offsetX="3" offsetY ="-26"/>
		</animation>
	</action>

	<action name="walk" imageset="base">
		<animation direction="down">
		  <frame index="0" offsetX="0" offsetY ="-27" delay="75"/>
		  <frame index="0" offsetX="0" offsetY ="-28" delay="75" />
		  <frame index="0" offsetX="0" offsetY ="-28" delay="75" />
		  <frame index="0" offsetX="0" offsetY ="-27" delay="75" />
		  <frame index="0" offsetX="0" offsetY ="-28" delay="75" />
		  <frame index="0" offsetX="0" offsetY ="-28" delay="75" />
		</animation>
		<animation direction="left">
		  <frame index="1" offsetX="-3" offsetY ="-28" delay="75"/>
		  <frame index="1" offsetX="-3" offsetY ="-27" delay="75"/>
		  <frame index="1" offsetX="-3" offsetY ="-28" delay="75"/>
		  <frame index="1" offsetX="-3" offsetY ="-28" delay="75"/>
		  <frame index="1" offsetX="-3" offsetY ="-27" delay="75"/>
		  <frame index="1" offsetX="-3" offsetY ="-28" delay="75"/>
		</animation>
		<animation direction="up">
		  <frame index="2" offsetX="-1" offsetY ="-28" delay="75"/>
		  <frame index="2" offsetX="-1" offsetY ="-29" delay="75"/>
		  <frame index="2" offsetX="-1" offsetY ="-29" delay="75"/>
		  <frame index="2" offsetX="-1" offsetY ="-28" delay="75"/>
		  <frame index="2" offsetX="-1" offsetY ="-29" delay="75"/>
		  <frame index="2" offsetX="-1" offsetY ="-29" delay="75"/>
		</animation>
		<animation direction="right">
		  <frame index="3" offsetX="3" offsetY ="-27" delay="75"/>
		  <frame index="3" offsetX="3" offsetY ="-26" delay="75"/>
		  <frame index="3" offsetX="3" offsetY ="-27" delay="75"/>
		  <frame index="3" offsetX="3" offsetY ="-27" delay="75"/>
		  <frame index="3" offsetX="3" offsetY ="-26" delay="75"/>
		  <frame index="3" offsetX="3" offsetY ="-27" delay="75"/>
		</animation>
	</action>

	<action name="attack" imageset="base">
		<animation direction="down">
		  <frame index="0" offsetX="0" offsetY ="-25" delay="75" />
		  <frame index="0" offsetX="0" offsetY ="-26" delay="75" />
		  <frame index="0" offsetX="0" offsetY ="-23" delay="75" />
		  <frame index="0" offsetX="0" offsetY ="-22" delay="75" />
		  <end />
		</animation>
		<animation direction="left">
		  <frame index="1" offsetX="1" offsetY ="-29" delay="75" />
		  <frame index="1" offsetX="1" offsetY ="-30" delay="75" />
		  <frame index="1" offsetX="-2" offsetY ="-27" delay="75" />
		  <frame index="1" offsetX="-3" offsetY ="-26" delay="75" />
		  <end />
		</animation>
		<animation direction="up">
		  <frame index="2" offsetX="-2" offsetY ="-28" delay="75"/>
		  <frame index="2" offsetX="-2" offsetY ="-28" delay="75"/>
		  <frame index="2" offsetX="-2" offsetY ="-28" delay="75"/>
		  <frame index="2" offsetX="-2" offsetY ="-25" delay="75"/>
		  <end />
		</animation>
		<animation direction="right">
		  <frame index="3" offsetX="-1" offsetY ="-28" delay="75"/>
		  <frame index="3" offsetX="-1" offsetY ="-29" delay="75"/>
		  <frame index="3" offsetX="2" offsetY ="-26" delay="75"/>
		  <frame index="3" offsetX="3" offsetY ="-25" delay="75"/>
		  <end />
		</animation>
	</action>

	<action name="attack_bow" imageset="base">
		<animation direction="down">
		  <frame index="0" offsetX="0" offsetY ="-26" delay="75" />
		  <frame index="0" offsetX="0" offsetY ="-26" delay="75" />
		  <frame index="0" offsetX="0" offsetY ="-26" delay="75" />
		  <frame index="0" offsetX="0" offsetY ="-25" delay="75" />
		  <frame index="0" offsetX="0" offsetY ="-26" delay="75" />
		  <end />
		</animation>
		<animation direction="left">
		  <frame index="1" offsetX="0" offsetY ="-27" delay="75" />
		  <frame index="1" offsetX="0" offsetY ="-27" delay="75" />
		  <frame index="1" offsetX="0" offsetY ="-27" delay="75" />
		  <frame index="1" offsetX="2" offsetY ="-27" delay="75" />
		  <frame index="1" offsetX="2" offsetY ="-27" delay="75" />
		  <end />
		</animation>
		<animation direction="up">
		  <frame index="2" offsetX="-1" offsetY ="-28" delay="75"/>
		  <frame index="2" offsetX="-1" offsetY ="-28" delay="75"/>
		  <frame index="2" offsetX="-2" offsetY ="-28" delay="75"/>
		  <frame index="2" offsetX="-2" offsetY ="-27" delay="75"/>
		  <frame index="2" offsetX="-2" offsetY ="-28" delay="75"/>
		  <end />
		</animation>
		<animation direction="right">
		  <frame index="3" offsetX="0" offsetY ="-27" delay="75"/>
		  <frame index="3" offsetX="0" offsetY ="-27" delay="75"/>
		  <frame index="3" offsetX="0" offsetY ="-27" delay="75"/>
		  <frame index="3" offsetX="-2" offsetY ="-27" delay="75"/>
		  <frame index="3" offsetX="-2" offsetY ="-27" delay="75"/>
		  <end />
		</animation>
	</action>

	<action name="sit" imageset="base">
		<animation direction="down">
		  <frame index="0" offsetX="0" offsetY ="-15" />
		</animation>
		<animation direction="left">
		  <frame index="1" offsetX="1" offsetY ="-18"/>
		</animation>
		<animation direction="up">
		  <frame index="2" offsetX="0" offsetY ="-19"/>
		</animation>
		<animation direction="right">
		  <frame index="3" offsetX="-3" offsetY ="-17"/>
		</animation>
	</action>

	<action name="dead" imageset="base">
		<animation direction="default">
			<frame index="4" offsetX="35" offsetY="-6"/>
		</animation>
	</action>

</sprite>

