<?xml version="1.0"?>
<sprite>

	<imageset name="base" src="graphics/sprites/monsters/monster-maggot.png" width="20" height="15" />

	<action name="stand" imageset="base">
		<animation direction="down">
		  <frame index="0" offsetY ="-8" />
		</animation>
		<animation direction="left">
		  <frame index="10" offsetY ="-11" />
		</animation>
		<animation direction="up">
		  <frame index="20" offsetY ="-10" />
		</animation>
		<animation direction="right">
		  <frame index="30" offsetY ="-11" />
		</animation>
	</action>

	<action name="walk" imageset="base">
		<animation direction="down">
			<sequence start="1" end="4" delay="150" offsetY ="-8" />
		</animation>
		<animation direction="left">
			<sequence start="11" end="14" delay="150" offsetY ="-11" />
		</animation>
		<animation direction="up">
			<sequence start="21" end="24" delay="150" offsetY ="-10" />
		</animation>
		<animation direction="right">
			<sequence start="31" end="34" delay="150" offsetY ="-11" />
		</animation>
	</action>

	<action name="dead" imageset="base">
		<animation direction="down">
		  <frame index="9" offsetY ="-8" />
		</animation>
		<animation direction="left" >
		  <frame index="19" offsetY ="-11" />
		</animation>
		<animation direction="up">
		  <frame index="29" offsetY ="-10" />
		</animation>
		<animation direction="right">
		  <frame index="39" offsetY ="-11" />
		</animation>
	</action>

	<action name="attack" imageset="base">
		<animation direction="down">
			<sequence start="5" end="8" delay="150" offsetY ="-8" />
		</animation>
		<animation direction="left">
			<sequence start="15" end="18" delay="150" offsetY ="-11" />
		</animation>
		<animation direction="up">
			<sequence start="25" end="28" delay="150" offsetY ="-10" />
		</animation>
		<animation direction="right">
			<sequence start="35" end="38" delay="150" offsetY ="-11" />
		</animation>
	</action>

</sprite>