<?xml version="1.0"?>
<sprite>
    <imageset name="base" src="graphics/sprites/monsters/accessories/slime-rudolph.png" width="26" height="15" />

    <action name="stand" imageset="base">
        <animation direction="down">
            <frame index="0" offsetY="-16"/>
        </animation>
        <animation direction="left">
            <frame index="2" offsetY="-16"/>
        </animation>
        <animation direction="up">
            <frame index="0" offsetY="-16"/>
        </animation>
        <animation direction="right">
            <frame index="6" offsetY="-16"/>
        </animation>
    </action>

    <action name="walk" imageset="base">
        <animation direction="down">
            <frame index="2" offsetY="-16"/>
        </animation>
        <animation direction="left">
            <frame index="2" offsetY="-16"/>
        </animation>
        <animation direction="up">
            <frame index="6" offsetY="-16"/>
        </animation>
        <animation direction="right">
            <frame index="6" offsetY="-16"/>
        </animation>
    </action>

    <action name="dead" imageset="base">
        <animation direction="down">
            <frame index="3" offsetY="-8"/>
        </animation>
        <animation direction="left">
            <frame index="3" offsetY="-8"/>
        </animation>
        <animation direction="up">
            <frame index="7" offsetY="-8"/>
        </animation>
        <animation direction="right">
            <frame index="7" offsetY="-8"/>
        </animation>
    </action>

</sprite>
