<?xml version="1.0"?>
<sprite>
    <imageset name="base" src="graphics/sprites/monsters/accessories/slime-seajelly.png|W" width="26" height="15" />

    <action name="stand" imageset="base">
        <animation direction="down">
            <frame index="0" offsetY="-5"/>
        </animation>
        <animation direction="left">
            <frame index="1" offsetY="-5"/>
        </animation>
        <animation direction="up">
            <frame index="0" offsetY="-5"/>
        </animation>
        <animation direction="right">
            <frame index="1" offsetY="-5"/>
        </animation>
    </action>

    <action name="walk" imageset="base">
        <animation>
            <sequence start="0" end="1" delay="600" offsetY="-5"/>
        </animation>
    </action>

    <action name="attack" imageset="base">
        <animation>
            <sequence start="0" end="1" delay="75" offsetY="-5"/>
        </animation>
    </action>

    <action name="dead" imageset="base">
        <animation>
            <frame index="2"/>
        </animation>
    </action>

</sprite>
